CREATE DATABASE  IF NOT EXISTS `ahp_laptop_acer` /*!40100 DEFAULT CHARACTER SET utf8mb4 COLLATE utf8mb4_0900_ai_ci */ /*!80016 DEFAULT ENCRYPTION='N' */;
USE `ahp_laptop_acer`;
-- MySQL dump 10.13  Distrib 8.0.38, for Win64 (x86_64)
--
-- Host: localhost    Database: ahp_laptop_acer
-- ------------------------------------------------------
-- Server version	9.0.1

/*!40101 SET @OLD_CHARACTER_SET_CLIENT=@@CHARACTER_SET_CLIENT */;
/*!40101 SET @OLD_CHARACTER_SET_RESULTS=@@CHARACTER_SET_RESULTS */;
/*!40101 SET @OLD_COLLATION_CONNECTION=@@COLLATION_CONNECTION */;
/*!50503 SET NAMES utf8 */;
/*!40103 SET @OLD_TIME_ZONE=@@TIME_ZONE */;
/*!40103 SET TIME_ZONE='+00:00' */;
/*!40014 SET @OLD_UNIQUE_CHECKS=@@UNIQUE_CHECKS, UNIQUE_CHECKS=0 */;
/*!40014 SET @OLD_FOREIGN_KEY_CHECKS=@@FOREIGN_KEY_CHECKS, FOREIGN_KEY_CHECKS=0 */;
/*!40101 SET @OLD_SQL_MODE=@@SQL_MODE, SQL_MODE='NO_AUTO_VALUE_ON_ZERO' */;
/*!40111 SET @OLD_SQL_NOTES=@@SQL_NOTES, SQL_NOTES=0 */;

--
-- Table structure for table `alternative_comparisons`
--

DROP TABLE IF EXISTS alternative_comparisons;
/*!40101 SET @saved_cs_client     = @@character_set_client */;
/*!50503 SET character_set_client = utf8mb4 */;
CREATE TABLE alternative_comparisons (
  id int NOT NULL AUTO_INCREMENT,
  alternative1_id int NOT NULL,
  alternative2_id int NOT NULL,
  criteria_id int NOT NULL,
  preference_value float NOT NULL,
  laptop_type_id int DEFAULT NULL,
  PRIMARY KEY (id),
  UNIQUE KEY unique_comparison (alternative1_id,alternative2_id,criteria_id,laptop_type_id),
  KEY alternative2_id (alternative2_id),
  KEY laptop_type_id (laptop_type_id),
  CONSTRAINT alternative_comparisons_ibfk_1 FOREIGN KEY (alternative1_id) REFERENCES alternatives (id),
  CONSTRAINT alternative_comparisons_ibfk_2 FOREIGN KEY (alternative2_id) REFERENCES alternatives (id),
  CONSTRAINT alternative_comparisons_ibfk_3 FOREIGN KEY (laptop_type_id) REFERENCES laptop_types (id)
) ENGINE=InnoDB AUTO_INCREMENT=1502 DEFAULT CHARSET=utf8mb4 COLLATE=utf8mb4_0900_ai_ci;
/*!40101 SET character_set_client = @saved_cs_client */;

--
-- Dumping data for table `alternative_comparisons`
--

LOCK TABLES alternative_comparisons WRITE;
/*!40000 ALTER TABLE alternative_comparisons DISABLE KEYS */;
INSERT INTO alternative_comparisons VALUES (1,11,11,1,1,2),(2,12,12,1,1,2),(3,13,13,1,1,2),(4,14,14,1,1,2),(5,15,15,1,1,2),(6,16,16,1,1,2),(7,17,17,1,1,2),(8,18,18,1,1,2),(9,19,19,1,1,2),(10,20,20,1,1,2),(11,11,12,1,1,2),(12,11,13,1,0.333333,2),(13,11,14,1,0.2,2),(14,11,15,1,0.25,2),(15,11,16,1,0.333333,2),(16,11,17,1,0.5,2),(17,11,18,1,0.333333,2),(18,11,19,1,3,2),(19,11,20,1,0.333333,2),(20,12,11,1,1,2),(21,12,13,1,0.333333,2),(22,12,14,1,0.2,2),(23,12,15,1,0.25,2),(24,12,16,1,0.333333,2),(25,12,17,1,0.5,2),(26,12,18,1,0.333333,2),(27,12,19,1,3,2),(28,12,20,1,0.333333,2),(29,13,11,1,3,2),(30,13,12,1,3,2),(31,13,14,1,0.333333,2),(32,13,15,1,0.5,2),(33,13,16,1,1,2),(34,13,17,1,2,2),(35,13,18,1,1,2),(36,13,19,1,5,2),(37,13,20,1,1,2),(38,14,11,1,5,2),(39,14,12,1,5,2),(40,14,13,1,3,2),(41,14,15,1,2,2),(42,14,16,1,3,2),(43,14,17,1,4,2),(44,14,18,1,3,2),(45,14,19,1,7,2),(46,14,20,1,3,2),(47,15,11,1,4,2),(48,15,12,1,4,2),(49,15,13,1,2,2),(50,15,14,1,0.5,2),(51,15,16,1,2,2),(52,15,17,1,3,2),(53,15,18,1,2,2),(54,15,19,1,6,2),(55,15,20,1,2,2),(56,16,11,1,3,2),(57,16,12,1,3,2),(58,16,13,1,1,2),(59,16,14,1,0.333333,2),(60,16,15,1,0.5,2),(61,16,17,1,2,2),(62,16,18,1,1,2),(63,16,19,1,5,2),(64,16,20,1,1,2),(65,17,11,1,2,2),(66,17,12,1,2,2),(67,17,13,1,0.5,2),(68,17,14,1,0.25,2),(69,17,15,1,0.333333,2),(70,17,16,1,0.5,2),(71,17,18,1,0.5,2),(72,17,19,1,4,2),(73,17,20,1,0.5,2),(74,18,11,1,3,2),(75,18,12,1,3,2),(76,18,13,1,1,2),(77,18,14,1,0.333333,2),(78,18,15,1,0.5,2),(79,18,16,1,1,2),(80,18,17,1,2,2),(81,18,19,1,5,2),(82,18,20,1,1,2),(83,19,11,1,0.333333,2),(84,19,12,1,0.333333,2),(85,19,13,1,0.2,2),(86,19,14,1,0.142857,2),(87,19,15,1,0.166667,2),(88,19,16,1,0.2,2),(89,19,17,1,0.25,2),(90,19,18,1,0.2,2),(91,19,20,1,0.2,2),(92,20,11,1,3,2),(93,20,12,1,3,2),(94,20,13,1,1,2),(95,20,14,1,0.333333,2),(96,20,15,1,0.5,2),(97,20,16,1,1,2),(98,20,17,1,2,2),(99,20,18,1,1,2),(100,20,19,1,5,2),(101,11,11,2,1,2),(102,11,12,2,0.5,2),(103,11,13,2,3,2),(104,11,14,2,7,2),(105,11,15,2,5,2),(106,11,16,2,2,2),(107,11,17,2,2,2),(108,11,18,2,3,2),(109,11,19,2,0.5,2),(110,11,20,2,1,2),(111,12,11,2,2,2),(112,12,12,2,1,2),(113,12,13,2,4,2),(114,12,14,2,8,2),(115,12,15,2,6,2),(116,12,16,2,3,2),(117,12,17,2,3,2),(118,12,18,2,4,2),(119,12,19,2,0.333333,2),(120,12,20,2,2,2),(121,13,11,2,0.333333,2),(122,13,12,2,0.25,2),(123,13,13,2,1,2),(124,13,14,2,5,2),(125,13,15,2,2,2),(126,13,16,2,0.5,2),(127,13,17,2,0.5,2),(128,13,18,2,1,2),(129,13,19,2,0.2,2),(130,13,20,2,0.5,2),(131,14,11,2,0.142857,2),(132,14,12,2,0.125,2),(133,14,13,2,0.2,2),(134,14,14,2,1,2),(135,14,15,2,0.333333,2),(136,14,16,2,0.166667,2),(137,14,17,2,0.166667,2),(138,14,18,2,0.2,2),(139,14,19,2,0.111111,2),(140,14,20,2,0.2,2),(141,15,11,2,0.2,2),(142,15,12,2,0.166667,2),(143,15,13,2,0.5,2),(144,15,14,2,3,2),(145,15,15,2,1,2),(146,15,16,2,0.333333,2),(147,15,17,2,0.333333,2),(148,15,18,2,0.5,2),(149,15,19,2,0.142857,2),(150,15,20,2,0.333333,2),(151,16,11,2,0.5,2),(152,16,12,2,0.333333,2),(153,16,13,2,2,2),(154,16,14,2,6,2),(155,16,15,2,3,2),(156,16,16,2,1,2),(157,16,17,2,1,2),(158,16,18,2,2,2),(159,16,19,2,0.25,2),(160,16,20,2,1,2),(161,17,11,2,0.5,2),(162,17,12,2,0.333333,2),(163,17,13,2,2,2),(164,17,14,2,6,2),(165,17,15,2,3,2),(166,17,16,2,1,2),(167,17,17,2,1,2),(168,17,18,2,2,2),(169,17,19,2,0.25,2),(170,17,20,2,1,2),(171,18,11,2,0.333333,2),(172,18,12,2,0.25,2),(173,18,13,2,1,2),(174,18,14,2,5,2),(175,18,15,2,2,2),(176,18,16,2,0.5,2),(177,18,17,2,0.5,2),(178,18,18,2,1,2),(179,18,19,2,0.2,2),(180,18,20,2,0.5,2),(181,19,11,2,2,2),(182,19,12,2,3,2),(183,19,13,2,5,2),(184,19,14,2,9,2),(185,19,15,2,7,2),(186,19,16,2,4,2),(187,19,17,2,4,2),(188,19,18,2,5,2),(189,19,19,2,1,2),(190,19,20,2,3,2),(191,20,11,2,1,2),(192,20,12,2,0.5,2),(193,20,13,2,2,2),(194,20,14,2,5,2),(195,20,15,2,3,2),(196,20,16,2,1,2),(197,20,17,2,1,2),(198,20,18,2,2,2),(199,20,19,2,0.333333,2),(200,20,20,2,1,2),(201,11,11,3,1,2),(202,11,12,3,1,2),(203,11,13,3,0.5,2),(204,11,14,3,3,2),(205,11,15,3,0.25,2),(206,11,16,3,0.333333,2),(207,11,17,3,1,2),(208,11,18,3,0.5,2),(209,11,19,3,2,2),(210,11,20,3,0.5,2),(211,12,11,3,1,2),(212,12,12,3,1,2),(213,12,13,3,0.5,2),(214,12,14,3,3,2),(215,12,15,3,0.25,2),(216,12,16,3,0.333333,2),(217,12,17,3,1,2),(218,12,18,3,0.5,2),(219,12,19,3,2,2),(220,12,20,3,0.5,2),(221,13,11,3,2,2),(222,13,12,3,2,2),(223,13,13,3,1,2),(224,13,14,3,4,2),(225,13,15,3,0.333333,2),(226,13,16,3,0.5,2),(227,13,17,3,2,2),(228,13,18,3,1,2),(229,13,19,3,3,2),(230,13,20,3,1,2),(231,14,11,3,0.333333,2),(232,14,12,3,0.333333,2),(233,14,13,3,0.25,2),(234,14,14,3,1,2),(235,14,15,3,0.166667,2),(236,14,16,3,0.2,2),(237,14,17,3,0.333333,2),(238,14,18,3,0.25,2),(239,14,19,3,0.5,2),(240,14,20,3,0.25,2),(241,15,11,3,4,2),(242,15,12,3,4,2),(243,15,13,3,3,2),(244,15,14,3,6,2),(245,15,15,3,1,2),(246,15,16,3,2,2),(247,15,17,3,4,2),(248,15,18,3,3,2),(249,15,19,3,5,2),(250,15,20,3,3,2),(251,16,11,3,3,2),(252,16,12,3,3,2),(253,16,13,3,2,2),(254,16,14,3,5,2),(255,16,15,3,0.5,2),(256,16,16,3,1,2),(257,16,17,3,3,2),(258,16,18,3,2,2),(259,16,19,3,4,2),(260,16,20,3,2,2),(261,17,11,3,1,2),(262,17,12,3,1,2),(263,17,13,3,0.5,2),(264,17,14,3,3,2),(265,17,15,3,0.25,2),(266,17,16,3,0.333333,2),(267,17,17,3,1,2),(268,17,18,3,0.5,2),(269,17,19,3,2,2),(270,17,20,3,0.5,2),(271,18,11,3,2,2),(272,18,12,3,2,2),(273,18,13,3,1,2),(274,18,14,3,4,2),(275,18,15,3,0.333333,2),(276,18,16,3,0.5,2),(277,18,17,3,2,2),(278,18,18,3,1,2),(279,18,19,3,3,2),(280,18,20,3,1,2),(281,19,11,3,0.5,2),(282,19,12,3,0.5,2),(283,19,13,3,0.333333,2),(284,19,14,3,2,2),(285,19,15,3,0.2,2),(286,19,16,3,0.25,2),(287,19,17,3,0.5,2),(288,19,18,3,0.333333,2),(289,19,19,3,1,2),(290,19,20,3,0.333333,2),(291,20,11,3,2,2),(292,20,12,3,2,2),(293,20,13,3,1,2),(294,20,14,3,4,2),(295,20,15,3,0.333333,2),(296,20,16,3,0.5,2),(297,20,17,3,2,2),(298,20,18,3,1,2),(299,20,19,3,3,2),(300,20,20,3,1,2),(301,11,11,4,1,2),(302,11,12,4,1,2),(303,11,13,4,0.333333,2),(304,11,14,4,0.2,2),(305,11,15,4,0.25,2),(306,11,16,4,2,2),(307,11,17,4,1,2),(308,11,18,4,0.5,2),(309,11,19,4,3,2),(310,11,20,4,2,2),(311,12,11,4,1,2),(312,12,12,4,1,2),(313,12,13,4,0.333333,2),(314,12,14,4,0.2,2),(315,12,15,4,0.25,2),(316,12,16,4,2,2),(317,12,17,4,1,2),(318,12,18,4,0.5,2),(319,12,19,4,3,2),(320,12,20,4,2,2),(321,13,11,4,3,2),(322,13,12,4,3,2),(323,13,13,4,1,2),(324,13,14,4,0.5,2),(325,13,15,4,0.5,2),(326,13,16,4,4,2),(327,13,17,4,2,2),(328,13,18,4,1,2),(329,13,19,4,5,2),(330,13,20,4,3,2),(331,14,11,4,5,2),(332,14,12,4,5,2),(333,14,13,4,2,2),(334,14,14,4,1,2),(335,14,15,4,1,2),(336,14,16,4,6,2),(337,14,17,4,3,2),(338,14,18,4,2,2),(339,14,19,4,7,2),(340,14,20,4,4,2),(341,15,11,4,4,2),(342,15,12,4,4,2),(343,15,13,4,2,2),(344,15,14,4,1,2),(345,15,15,4,1,2),(346,15,16,4,5,2),(347,15,17,4,3,2),(348,15,18,4,2,2),(349,15,19,4,6,2),(350,15,20,4,4,2),(351,16,11,4,0.5,2),(352,16,12,4,0.5,2),(353,16,13,4,0.25,2),(354,16,14,4,0.166667,2),(355,16,15,4,0.2,2),(356,16,16,4,1,2),(357,16,17,4,0.5,2),(358,16,18,4,0.333333,2),(359,16,19,4,2,2),(360,16,20,4,1,2),(361,17,11,4,1,2),(362,17,12,4,1,2),(363,17,13,4,0.5,2),(364,17,14,4,0.333333,2),(365,17,15,4,0.333333,2),(366,17,16,4,2,2),(367,17,17,4,1,2),(368,17,18,4,0.5,2),(369,17,19,4,3,2),(370,17,20,4,2,2),(371,18,11,4,2,2),(372,18,12,4,2,2),(373,18,13,4,1,2),(374,18,14,4,0.5,2),(375,18,15,4,0.5,2),(376,18,16,4,3,2),(377,18,17,4,2,2),(378,18,18,4,1,2),(379,18,19,4,4,2),(380,18,20,4,3,2),(381,19,11,4,0.333333,2),(382,19,12,4,0.333333,2),(383,19,13,4,0.2,2),(384,19,14,4,0.142857,2),(385,19,15,4,0.166667,2),(386,19,16,4,0.5,2),(387,19,17,4,0.333333,2),(388,19,18,4,0.25,2),(389,19,19,4,1,2),(390,19,20,4,0.5,2),(391,20,11,4,0.5,2),(392,20,12,4,0.5,2),(393,20,13,4,0.333333,2),(394,20,14,4,0.25,2),(395,20,15,4,0.25,2),(396,20,16,4,1,2),(397,20,17,4,0.5,2),(398,20,18,4,0.333333,2),(399,20,19,4,2,2),(400,20,20,4,1,2),(401,11,11,5,1,2),(402,11,12,5,1,2),(403,11,13,5,0.5,2),(404,11,14,5,2,2),(405,11,15,5,0.333333,2),(406,11,16,5,0.5,2),(407,11,17,5,1,2),(408,11,18,5,1,2),(409,11,19,5,0.333333,2),(410,11,20,5,1,2),(411,12,11,5,1,2),(412,12,12,5,1,2),(413,12,13,5,0.5,2),(414,12,14,5,2,2),(415,12,15,5,0.333333,2),(416,12,16,5,0.5,2),(417,12,17,5,1,2),(418,12,18,5,1,2),(419,12,19,5,0.333333,2),(420,12,20,5,1,2),(421,13,11,5,2,2),(422,13,12,5,2,2),(423,13,13,5,1,2),(424,13,14,5,3,2),(425,13,15,5,0.5,2),(426,13,16,5,1,2),(427,13,17,5,2,2),(428,13,18,5,2,2),(429,13,19,5,0.5,2),(430,13,20,5,2,2),(431,14,11,5,0.5,2),(432,14,12,5,0.5,2),(433,14,13,5,0.333333,2),(434,14,14,5,1,2),(435,14,15,5,0.25,2),(436,14,16,5,0.333333,2),(437,14,17,5,0.5,2),(438,14,18,5,0.5,2),(439,14,19,5,0.25,2),(440,14,20,5,0.5,2),(441,15,11,5,3,2),(442,15,12,5,3,2),(443,15,13,5,2,2),(444,15,14,5,4,2),(445,15,15,5,1,2),(446,15,16,5,2,2),(447,15,17,5,3,2),(448,15,18,5,3,2),(449,15,19,5,1,2),(450,15,20,5,3,2),(451,16,11,5,2,2),(452,16,12,5,2,2),(453,16,13,5,1,2),(454,16,14,5,3,2),(455,16,15,5,0.5,2),(456,16,16,5,1,2),(457,16,17,5,2,2),(458,16,18,5,2,2),(459,16,19,5,0.5,2),(460,16,20,5,2,2),(461,17,11,5,1,2),(462,17,12,5,1,2),(463,17,13,5,0.5,2),(464,17,14,5,2,2),(465,17,15,5,0.333333,2),(466,17,16,5,0.5,2),(467,17,17,5,1,2),(468,17,18,5,1,2),(469,17,19,5,0.333333,2),(470,17,20,5,1,2),(471,18,11,5,1,2),(472,18,12,5,1,2),(473,18,13,5,0.5,2),(474,18,14,5,2,2),(475,18,15,5,0.333333,2),(476,18,16,5,0.5,2),(477,18,17,5,1,2),(478,18,18,5,1,2),(479,18,19,5,0.333333,2),(480,18,20,5,1,2),(481,19,11,5,3,2),(482,19,12,5,3,2),(483,19,13,5,2,2),(484,19,14,5,4,2),(485,19,15,5,1,2),(486,19,16,5,2,2),(487,19,17,5,3,2),(488,19,18,5,3,2),(489,19,19,5,1,2),(490,19,20,5,3,2),(491,20,11,5,1,2),(492,20,12,5,1,2),(493,20,13,5,0.5,2),(494,20,14,5,2,2),(495,20,15,5,0.333333,2),(496,20,16,5,0.5,2),(497,20,17,5,1,2),(498,20,18,5,1,2),(499,20,19,5,0.333333,2),(500,20,20,5,1,2),(501,11,11,6,1,2),(502,11,12,6,1,2),(503,11,13,6,1,2),(504,11,14,6,0.5,2),(505,11,15,6,0.5,2),(506,11,16,6,1,2),(507,11,17,6,1,2),(508,11,18,6,1,2),(509,11,19,6,1,2),(510,11,20,6,1,2),(511,12,11,6,1,2),(512,12,12,6,1,2),(513,12,13,6,1,2),(514,12,14,6,0.5,2),(515,12,15,6,0.5,2),(516,12,16,6,1,2),(517,12,17,6,1,2),(518,12,18,6,1,2),(519,12,19,6,1,2),(520,12,20,6,1,2),(521,13,11,6,1,2),(522,13,12,6,1,2),(523,13,13,6,1,2),(524,13,14,6,0.5,2),(525,13,15,6,0.5,2),(526,13,16,6,1,2),(527,13,17,6,1,2),(528,13,18,6,1,2),(529,13,19,6,1,2),(530,13,20,6,1,2),(531,14,11,6,2,2),(532,14,12,6,2,2),(533,14,13,6,2,2),(534,14,14,6,1,2),(535,14,15,6,1,2),(536,14,16,6,2,2),(537,14,17,6,2,2),(538,14,18,6,2,2),(539,14,19,6,2,2),(540,14,20,6,2,2),(541,15,11,6,2,2),(542,15,12,6,2,2),(543,15,13,6,2,2),(544,15,14,6,1,2),(545,15,15,6,1,2),(546,15,16,6,2,2),(547,15,17,6,2,2),(548,15,18,6,2,2),(549,15,19,6,2,2),(550,15,20,6,2,2),(551,16,11,6,1,2),(552,16,12,6,1,2),(553,16,13,6,1,2),(554,16,14,6,0.5,2),(555,16,15,6,0.5,2),(556,16,16,6,1,2),(557,16,17,6,1,2),(558,16,18,6,1,2),(559,16,19,6,1,2),(560,16,20,6,1,2),(561,17,11,6,1,2),(562,17,12,6,1,2),(563,17,13,6,1,2),(564,17,14,6,0.5,2),(565,17,15,6,0.5,2),(566,17,16,6,1,2),(567,17,17,6,1,2),(568,17,18,6,1,2),(569,17,19,6,1,2),(570,17,20,6,1,2),(571,18,11,6,1,2),(572,18,12,6,1,2),(573,18,13,6,1,2),(574,18,14,6,0.5,2),(575,18,15,6,0.5,2),(576,18,16,6,1,2),(577,18,17,6,1,2),(578,18,18,6,1,2),(579,18,19,6,1,2),(580,18,20,6,1,2),(581,19,11,6,1,2),(582,19,12,6,1,2),(583,19,13,6,1,2),(584,19,14,6,0.5,2),(585,19,15,6,0.5,2),(586,19,16,6,1,2),(587,19,17,6,1,2),(588,19,18,6,1,2),(589,19,19,6,1,2),(590,19,20,6,1,2),(591,20,11,6,1,2),(592,20,12,6,1,2),(593,20,13,6,1,2),(594,20,14,6,0.5,2),(595,20,15,6,0.5,2),(596,20,16,6,1,2),(597,20,17,6,1,2),(598,20,18,6,1,2),(599,20,19,6,1,2),(600,20,20,6,1,2),(701,11,11,7,1,2),(702,11,12,7,1,2),(703,11,13,7,0.5,2),(704,11,14,7,0.333333,2),(705,11,15,7,0.333333,2),(706,11,16,7,0.5,2),(707,11,17,7,0.5,2),(708,11,18,7,0.5,2),(709,11,19,7,1,2),(710,11,20,7,1,2),(711,12,11,7,1,2),(712,12,12,7,1,2),(713,12,13,7,0.5,2),(714,12,14,7,0.333333,2),(715,12,15,7,0.333333,2),(716,12,16,7,0.5,2),(717,12,17,7,0.5,2),(718,12,18,7,0.5,2),(719,12,19,7,1,2),(720,12,20,7,1,2),(721,13,11,7,2,2),(722,13,12,7,2,2),(723,13,13,7,1,2),(724,13,14,7,0.5,2),(725,13,15,7,0.5,2),(726,13,16,7,1,2),(727,13,17,7,1,2),(728,13,18,7,1,2),(729,13,19,7,2,2),(730,13,20,7,2,2),(731,14,11,7,3,2),(732,14,12,7,3,2),(733,14,13,7,2,2),(734,14,14,7,1,2),(735,14,15,7,1,2),(736,14,16,7,2,2),(737,14,17,7,2,2),(738,14,18,7,2,2),(739,14,19,7,3,2),(740,14,20,7,3,2),(741,15,11,7,3,2),(742,15,12,7,3,2),(743,15,13,7,2,2),(744,15,14,7,1,2),(745,15,15,7,1,2),(746,15,16,7,2,2),(747,15,17,7,2,2),(748,15,18,7,2,2),(749,15,19,7,3,2),(750,15,20,7,3,2),(751,16,11,7,2,2),(752,16,12,7,2,2),(753,16,13,7,1,2),(754,16,14,7,0.5,2),(755,16,15,7,0.5,2),(756,16,16,7,1,2),(757,16,17,7,1,2),(758,16,18,7,1,2),(759,16,19,7,2,2),(760,16,20,7,2,2),(761,17,11,7,2,2),(762,17,12,7,2,2),(763,17,13,7,1,2),(764,17,14,7,0.5,2),(765,17,15,7,0.5,2),(766,17,16,7,1,2),(767,17,17,7,1,2),(768,17,18,7,1,2),(769,17,19,7,2,2),(770,17,20,7,2,2),(771,18,11,7,2,2),(772,18,12,7,2,2),(773,18,13,7,1,2),(774,18,14,7,0.5,2),(775,18,15,7,0.5,2),(776,18,16,7,1,2),(777,18,17,7,1,2),(778,18,18,7,1,2),(779,18,19,7,2,2),(780,18,20,7,2,2),(781,19,11,7,1,2),(782,19,12,7,1,2),(783,19,13,7,0.5,2),(784,19,14,7,0.333333,2),(785,19,15,7,0.333333,2),(786,19,16,7,0.5,2),(787,19,17,7,0.5,2),(788,19,18,7,0.5,2),(789,19,19,7,1,2),(790,19,20,7,1,2),(791,20,11,7,1,2),(792,20,12,7,1,2),(793,20,13,7,0.5,2),(794,20,14,7,0.333333,2),(795,20,15,7,0.333333,2),(796,20,16,7,0.5,2),(797,20,17,7,0.5,2),(798,20,18,7,0.5,2),(799,20,19,7,1,2),(800,20,20,7,1,2),(801,1,1,1,1,1),(802,1,2,1,2,1),(803,1,3,1,2,1),(804,1,4,1,0.5,1),(805,1,5,1,0.333333,1),(806,1,6,1,1,1),(807,1,7,1,3,1),(808,1,8,1,0.5,1),(809,1,9,1,0.5,1),(810,1,10,1,0.5,1),(811,2,1,1,0.5,1),(812,2,2,1,1,1),(813,2,3,1,1,1),(814,2,4,1,0.333333,1),(815,2,5,1,0.2,1),(816,2,6,1,0.5,1),(817,2,7,1,2,1),(818,2,8,1,0.333333,1),(819,2,9,1,0.333333,1),(820,2,10,1,0.333333,1),(821,3,1,1,0.5,1),(822,3,2,1,1,1),(823,3,3,1,1,1),(824,3,4,1,0.333333,1),(825,3,5,1,0.2,1),(826,3,6,1,0.5,1),(827,3,7,1,2,1),(828,3,8,1,0.333333,1),(829,3,9,1,0.333333,1),(830,3,10,1,0.333333,1),(831,4,1,1,2,1),(832,4,2,1,3,1),(833,4,3,1,3,1),(834,4,4,1,1,1),(835,4,5,1,0.5,1),(836,4,6,1,2,1),(837,4,7,1,4,1),(838,4,8,1,1,1),(839,4,9,1,1,1),(840,4,10,1,1,1),(841,5,1,1,3,1),(842,5,2,1,5,1),(843,5,3,1,5,1),(844,5,4,1,2,1),(845,5,5,1,1,1),(846,5,6,1,3,1),(847,5,7,1,7,1),(848,5,8,1,2,1),(849,5,9,1,2,1),(850,5,10,1,2,1),(851,6,1,1,1,1),(852,6,2,1,2,1),(853,6,3,1,2,1),(854,6,4,1,0.5,1),(855,6,5,1,0.333333,1),(856,6,6,1,1,1),(857,6,7,1,3,1),(858,6,8,1,0.5,1),(859,6,9,1,0.5,1),(860,6,10,1,0.5,1),(861,7,1,1,0.333333,1),(862,7,2,1,0.5,1),(863,7,3,1,0.5,1),(864,7,4,1,0.25,1),(865,7,5,1,0.142857,1),(866,7,6,1,0.333333,1),(867,7,7,1,1,1),(868,7,8,1,0.25,1),(869,7,9,1,0.25,1),(870,7,10,1,0.25,1),(871,8,1,1,2,1),(872,8,2,1,3,1),(873,8,3,1,3,1),(874,8,4,1,1,1),(875,8,5,1,0.5,1),(876,8,6,1,2,1),(877,8,7,1,4,1),(878,8,8,1,1,1),(879,8,9,1,1,1),(880,8,10,1,1,1),(881,9,1,1,2,1),(882,9,2,1,3,1),(883,9,3,1,3,1),(884,9,4,1,1,1),(885,9,5,1,0.5,1),(886,9,6,1,2,1),(887,9,7,1,4,1),(888,9,8,1,1,1),(889,9,9,1,1,1),(890,9,10,1,1,1),(891,10,1,1,2,1),(892,10,2,1,3,1),(893,10,3,1,3,1),(894,10,4,1,1,1),(895,10,5,1,0.5,1),(896,10,6,1,2,1),(897,10,7,1,4,1),(898,10,8,1,1,1),(899,10,9,1,1,1),(900,10,10,1,1,1),(901,1,1,2,1,1),(902,1,2,2,0.5,1),(903,1,3,2,0.5,1),(904,1,4,2,2,1),(905,1,5,2,3,1),(906,1,6,2,0.5,1),(907,1,7,2,2,1),(908,1,8,2,3,1),(909,1,9,2,2,1),(910,1,10,2,2,1),(911,2,1,2,2,1),(912,2,2,2,1,1),(913,2,3,2,1,1),(914,2,4,2,3,1),(915,2,5,2,5,1),(916,2,6,2,2,1),(917,2,7,2,3,1),(918,2,8,2,5,1),(919,2,9,2,3,1),(920,2,10,2,3,1),(921,3,1,2,2,1),(922,3,2,2,1,1),(923,3,3,2,1,1),(924,3,4,2,3,1),(925,3,5,2,5,1),(926,3,6,2,2,1),(927,3,7,2,3,1),(928,3,8,2,5,1),(929,3,9,2,3,1),(930,3,10,2,3,1),(931,4,1,2,0.5,1),(932,4,2,2,0.333333,1),(933,4,3,2,0.333333,1),(934,4,4,2,1,1),(935,4,5,2,0.5,1),(936,4,6,2,0.5,1),(937,4,7,2,1,1),(938,4,8,2,0.5,1),(939,4,9,2,0.5,1),(940,4,10,2,0.5,1),(941,5,1,2,0.333333,1),(942,5,2,2,0.2,1),(943,5,3,2,0.2,1),(944,5,4,2,2,1),(945,5,5,2,1,1),(946,5,6,2,0.333333,1),(947,5,7,2,2,1),(948,5,8,2,1,1),(949,5,9,2,1,1),(950,5,10,2,1,1),(951,6,1,2,2,1),(952,6,2,2,0.5,1),(953,6,3,2,0.5,1),(954,6,4,2,2,1),(955,6,5,2,3,1),(956,6,6,2,1,1),(957,6,7,2,2,1),(958,6,8,2,3,1),(959,6,9,2,2,1),(960,6,10,2,2,1),(961,7,1,2,0.5,1),(962,7,2,2,0.333333,1),(963,7,3,2,0.333333,1),(964,7,4,2,1,1),(965,7,5,2,0.5,1),(966,7,6,2,0.5,1),(967,7,7,2,1,1),(968,7,8,2,0.5,1),(969,7,9,2,0.5,1),(970,7,10,2,0.5,1),(971,8,1,2,0.333333,1),(972,8,2,2,0.2,1),(973,8,3,2,0.2,1),(974,8,4,2,2,1),(975,8,5,2,1,1),(976,8,6,2,0.333333,1),(977,8,7,2,2,1),(978,8,8,2,1,1),(979,8,9,2,1,1),(980,8,10,2,1,1),(981,9,1,2,0.5,1),(982,9,2,2,0.333333,1),(983,9,3,2,0.333333,1),(984,9,4,2,2,1),(985,9,5,2,1,1),(986,9,6,2,0.5,1),(987,9,7,2,2,1),(988,9,8,2,1,1),(989,9,9,2,1,1),(990,9,10,2,1,1),(991,10,1,2,0.5,1),(992,10,2,2,0.333333,1),(993,10,3,2,0.333333,1),(994,10,4,2,2,1),(995,10,5,2,1,1),(996,10,6,2,0.5,1),(997,10,7,2,2,1),(998,10,8,2,1,1),(999,10,9,2,1,1),(1000,10,10,2,1,1),(1001,1,1,3,1,1),(1002,1,2,3,1,1),(1003,1,3,3,2,1),(1004,1,4,3,0.5,1),(1005,1,5,3,0.333333,1),(1006,1,6,3,1,1),(1007,1,7,3,2,1),(1008,1,8,3,0.5,1),(1009,1,9,3,1,1),(1010,1,10,3,0.5,1),(1011,2,1,3,1,1),(1012,2,2,3,1,1),(1013,2,3,3,2,1),(1014,2,4,3,0.5,1),(1015,2,5,3,0.333333,1),(1016,2,6,3,1,1),(1017,2,7,3,2,1),(1018,2,8,3,0.5,1),(1019,2,9,3,1,1),(1020,2,10,3,0.5,1),(1021,3,1,3,0.5,1),(1022,3,2,3,0.5,1),(1023,3,3,3,1,1),(1024,3,4,3,0.333333,1),(1025,3,5,3,0.2,1),(1026,3,6,3,0.5,1),(1027,3,7,3,1,1),(1028,3,8,3,0.333333,1),(1029,3,9,3,0.5,1),(1030,3,10,3,0.333333,1),(1031,4,1,3,2,1),(1032,4,2,3,2,1),(1033,4,3,3,3,1),(1034,4,4,3,1,1),(1035,4,5,3,0.5,1),(1036,4,6,3,2,1),(1037,4,7,3,3,1),(1038,4,8,3,1,1),(1039,4,9,3,2,1),(1040,4,10,3,1,1),(1041,5,1,3,3,1),(1042,5,2,3,3,1),(1043,5,3,3,5,1),(1044,5,4,3,2,1),(1045,5,5,3,1,1),(1046,5,6,3,3,1),(1047,5,7,3,5,1),(1048,5,8,3,2,1),(1049,5,9,3,3,1),(1050,5,10,3,2,1),(1051,6,1,3,1,1),(1052,6,2,3,1,1),(1053,6,3,3,2,1),(1054,6,4,3,0.5,1),(1055,6,5,3,0.333333,1),(1056,6,6,3,1,1),(1057,6,7,3,2,1),(1058,6,8,3,0.5,1),(1059,6,9,3,1,1),(1060,6,10,3,0.5,1),(1061,7,1,3,0.5,1),(1062,7,2,3,0.5,1),(1063,7,3,3,1,1),(1064,7,4,3,0.333333,1),(1065,7,5,3,0.2,1),(1066,7,6,3,0.5,1),(1067,7,7,3,1,1),(1068,7,8,3,0.333333,1),(1069,7,9,3,0.5,1),(1070,7,10,3,0.333333,1),(1071,8,1,3,2,1),(1072,8,2,3,2,1),(1073,8,3,3,3,1),(1074,8,4,3,1,1),(1075,8,5,3,0.5,1),(1076,8,6,3,2,1),(1077,8,7,3,3,1),(1078,8,8,3,1,1),(1079,8,9,3,2,1),(1080,8,10,3,1,1),(1081,9,1,3,1,1),(1082,9,2,3,1,1),(1083,9,3,3,2,1),(1084,9,4,3,0.5,1),(1085,9,5,3,0.333333,1),(1086,9,6,3,1,1),(1087,9,7,3,2,1),(1088,9,8,3,0.5,1),(1089,9,9,3,1,1),(1090,9,10,3,0.5,1),(1091,10,1,3,2,1),(1092,10,2,3,2,1),(1093,10,3,3,3,1),(1094,10,4,3,1,1),(1095,10,5,3,0.5,1),(1096,10,6,3,2,1),(1097,10,7,3,3,1),(1098,10,8,3,1,1),(1099,10,9,3,1,1),(1100,10,10,3,1,1),(1101,1,1,4,1,1),(1102,1,2,4,1,1),(1103,1,3,4,2,1),(1104,1,4,4,1,1),(1105,1,5,4,0.5,1),(1106,1,6,4,1,1),(1107,1,7,4,1,1),(1108,1,8,4,0.5,1),(1109,1,9,4,1,1),(1110,1,10,4,0.5,1),(1111,2,1,4,1,1),(1112,2,2,4,1,1),(1113,2,3,4,2,1),(1114,2,4,4,1,1),(1115,2,5,4,0.5,1),(1116,2,6,4,1,1),(1117,2,7,4,1,1),(1118,2,8,4,0.5,1),(1119,2,9,4,1,1),(1120,2,10,4,0.5,1),(1121,3,1,4,0.5,1),(1122,3,2,4,0.5,1),(1123,3,3,4,1,1),(1124,3,4,4,0.5,1),(1125,3,5,4,0.333333,1),(1126,3,6,4,0.5,1),(1127,3,7,4,0.5,1),(1128,3,8,4,0.333333,1),(1129,3,9,4,0.5,1),(1130,3,10,4,0.333333,1),(1131,4,1,4,1,1),(1132,4,2,4,1,1),(1133,4,3,4,2,1),(1134,4,4,4,1,1),(1135,4,5,4,0.5,1),(1136,4,6,4,1,1),(1137,4,7,4,1,1),(1138,4,8,4,0.5,1),(1139,4,9,4,1,1),(1140,4,10,4,1,1),(1141,5,1,4,2,1),(1142,5,2,4,2,1),(1143,5,3,4,3,1),(1144,5,4,4,2,1),(1145,5,5,4,1,1),(1146,5,6,4,2,1),(1147,5,7,4,2,1),(1148,5,8,4,1,1),(1149,5,9,4,2,1),(1150,5,10,4,1,1),(1151,6,1,4,1,1),(1152,6,2,4,1,1),(1153,6,3,4,2,1),(1154,6,4,4,1,1),(1155,6,5,4,0.5,1),(1156,6,6,4,1,1),(1157,6,7,4,1,1),(1158,6,8,4,0.5,1),(1159,6,9,4,1,1),(1160,6,10,4,0.5,1),(1161,7,1,4,1,1),(1162,7,2,4,1,1),(1163,7,3,4,2,1),(1164,7,4,4,1,1),(1165,7,5,4,0.5,1),(1166,7,6,4,1,1),(1167,7,7,4,1,1),(1168,7,8,4,0.5,1),(1169,7,9,4,1,1),(1170,7,10,4,0.5,1),(1171,8,1,4,2,1),(1172,8,2,4,2,1),(1173,8,3,4,3,1),(1174,8,4,4,2,1),(1175,8,5,4,1,1),(1176,8,6,4,2,1),(1177,8,7,4,2,1),(1178,8,8,4,1,1),(1179,8,9,4,2,1),(1180,8,10,4,1,1),(1181,9,1,4,1,1),(1182,9,2,4,1,1),(1183,9,3,4,2,1),(1184,9,4,4,1,1),(1185,9,5,4,0.5,1),(1186,9,6,4,1,1),(1187,9,7,4,1,1),(1188,9,8,4,0.5,1),(1189,9,9,4,1,1),(1190,9,10,4,0.5,1),(1191,10,1,4,2,1),(1192,10,2,4,2,1),(1193,10,3,4,3,1),(1194,10,4,4,1,1),(1195,10,5,4,1,1),(1196,10,6,4,2,1),(1197,10,7,4,2,1),(1198,10,8,4,1,1),(1199,10,9,4,2,1),(1200,10,10,4,1,1),(1202,1,1,5,1,1),(1203,1,2,5,1,1),(1204,1,3,5,2,1),(1205,1,4,5,0.5,1),(1206,1,5,5,0.333333,1),(1207,1,6,5,0.5,1),(1208,1,7,5,1,1),(1209,1,8,5,1,1),(1210,1,9,5,1,1),(1211,1,10,5,0.5,1),(1212,2,1,5,1,1),(1213,2,2,5,1,1),(1214,2,3,5,2,1),(1215,2,4,5,0.5,1),(1216,2,5,5,0.333333,1),(1217,2,6,5,1,1),(1218,2,7,5,1,1),(1219,2,8,5,1,1),(1220,2,9,5,1,1),(1221,2,10,5,0.5,1),(1222,3,1,5,0.5,1),(1223,3,2,5,0.5,1),(1224,3,3,5,1,1),(1225,3,4,5,0.333333,1),(1226,3,5,5,0.2,1),(1227,3,6,5,0.333333,1),(1228,3,7,5,0.5,1),(1229,3,8,5,0.5,1),(1230,3,9,5,0.5,1),(1231,3,10,5,0.333333,1),(1232,4,1,5,2,1),(1233,4,2,5,2,1),(1234,4,3,5,3,1),(1235,4,4,5,1,1),(1236,4,5,5,0.5,1),(1237,4,6,5,1,1),(1238,4,7,5,2,1),(1239,4,8,5,2,1),(1240,4,9,5,2,1),(1241,4,10,5,1,1),(1242,5,1,5,3,1),(1243,5,2,5,3,1),(1244,5,3,5,5,1),(1245,5,4,5,2,1),(1246,5,5,5,1,1),(1247,5,6,5,2,1),(1248,5,7,5,3,1),(1249,5,8,5,3,1),(1250,5,9,5,3,1),(1251,5,10,5,2,1),(1252,6,1,5,2,1),(1253,6,2,5,1,1),(1254,6,3,5,3,1),(1255,6,4,5,1,1),(1256,6,5,5,0.5,1),(1257,6,6,5,1,1),(1258,6,7,5,2,1),(1259,6,8,5,2,1),(1260,6,9,5,2,1),(1261,6,10,5,1,1),(1262,7,1,5,1,1),(1263,7,2,5,1,1),(1264,7,3,5,2,1),(1265,7,4,5,0.5,1),(1266,7,5,5,0.333333,1),(1267,7,6,5,0.5,1),(1268,7,7,5,1,1),(1269,7,8,5,1,1),(1270,7,9,5,1,1),(1271,7,10,5,0.5,1),(1272,8,1,5,1,1),(1273,8,2,5,1,1),(1274,8,3,5,2,1),(1275,8,4,5,0.5,1),(1276,8,5,5,0.333333,1),(1277,8,6,5,0.5,1),(1278,8,7,5,1,1),(1279,8,8,5,1,1),(1280,8,9,5,1,1),(1281,8,10,5,0.5,1),(1282,9,1,5,1,1),(1283,9,2,5,1,1),(1284,9,3,5,2,1),(1285,9,4,5,0.5,1),(1286,9,5,5,0.333333,1),(1287,9,6,5,0.5,1),(1288,9,7,5,1,1),(1289,9,8,5,1,1),(1290,9,9,5,1,1),(1291,9,10,5,0.5,1),(1292,10,1,5,2,1),(1293,10,2,5,2,1),(1294,10,3,5,3,1),(1295,10,4,5,1,1),(1296,10,5,5,0.5,1),(1297,10,6,5,1,1),(1298,10,7,5,2,1),(1299,10,8,5,2,1),(1300,10,9,5,2,1),(1301,10,10,5,1,1),(1302,1,1,6,1,1),(1303,1,2,6,1,1),(1304,1,3,6,1,1),(1305,1,4,6,0.5,1),(1306,1,5,6,0.5,1),(1307,1,6,6,1,1),(1308,1,7,6,1,1),(1309,1,8,6,0.5,1),(1310,1,9,6,1,1),(1311,1,10,6,0.5,1),(1312,2,1,6,1,1),(1313,2,2,6,1,1),(1314,2,3,6,1,1),(1315,2,4,6,0.5,1),(1316,2,5,6,0.5,1),(1317,2,6,6,1,1),(1318,2,7,6,1,1),(1319,2,8,6,0.5,1),(1320,2,9,6,1,1),(1321,2,10,6,0.5,1),(1322,3,1,6,1,1),(1323,3,2,6,1,1),(1324,3,3,6,1,1),(1325,3,4,6,0.5,1),(1326,3,5,6,0.5,1),(1327,3,6,6,1,1),(1328,3,7,6,1,1),(1329,3,8,6,0.5,1),(1330,3,9,6,1,1),(1331,3,10,6,0.5,1),(1332,4,1,6,2,1),(1333,4,2,6,2,1),(1334,4,3,6,2,1),(1335,4,4,6,1,1),(1336,4,5,6,1,1),(1337,4,6,6,2,1),(1338,4,7,6,2,1),(1339,4,8,6,1,1),(1340,4,9,6,2,1),(1341,4,10,6,1,1),(1342,5,1,6,2,1),(1343,5,2,6,2,1),(1344,5,3,6,2,1),(1345,5,4,6,1,1),(1346,5,5,6,1,1),(1347,5,6,6,2,1),(1348,5,7,6,2,1),(1349,5,8,6,1,1),(1350,5,9,6,2,1),(1351,5,10,6,1,1),(1352,6,1,6,1,1),(1353,6,2,6,1,1),(1354,6,3,6,1,1),(1355,6,4,6,0.5,1),(1356,6,5,6,0.5,1),(1357,6,6,6,1,1),(1358,6,7,6,1,1),(1359,6,8,6,0.5,1),(1360,6,9,6,1,1),(1361,6,10,6,0.5,1),(1362,7,1,6,1,1),(1363,7,2,6,1,1),(1364,7,3,6,1,1),(1365,7,4,6,0.5,1),(1366,7,5,6,0.5,1),(1367,7,6,6,1,1),(1368,7,7,6,1,1),(1369,7,8,6,0.5,1),(1370,7,9,6,1,1),(1371,7,10,6,0.5,1),(1372,8,1,6,2,1),(1373,8,2,6,2,1),(1374,8,3,6,2,1),(1375,8,4,6,1,1),(1376,8,5,6,1,1),(1377,8,6,6,2,1),(1378,8,7,6,2,1),(1379,8,8,6,1,1),(1380,8,9,6,2,1),(1381,8,10,6,1,1),(1382,9,1,6,1,1),(1383,9,2,6,1,1),(1384,9,3,6,1,1),(1385,9,4,6,0.5,1),(1386,9,5,6,0.5,1),(1387,9,6,6,1,1),(1388,9,7,6,1,1),(1389,9,8,6,0.5,1),(1390,9,9,6,1,1),(1391,9,10,6,0.5,1),(1392,10,1,6,2,1),(1393,10,2,6,2,1),(1394,10,3,6,2,1),(1395,10,4,6,1,1),(1396,10,5,6,1,1),(1397,10,6,6,2,1),(1398,10,7,6,2,1),(1399,10,8,6,1,1),(1400,10,9,6,2,1),(1401,10,10,6,1,1),(1402,1,1,7,1,1),(1403,1,2,7,1,1),(1404,1,3,7,1,1),(1405,1,4,7,1,1),(1406,1,5,7,0.5,1),(1407,1,6,7,1,1),(1408,1,7,7,1,1),(1409,1,8,7,0.5,1),(1410,1,9,7,0.5,1),(1411,1,10,7,0.5,1),(1412,2,1,7,1,1),(1413,2,2,7,1,1),(1414,2,3,7,1,1),(1415,2,4,7,1,1),(1416,2,5,7,0.5,1),(1417,2,6,7,1,1),(1418,2,7,7,1,1),(1419,2,8,7,0.5,1),(1420,2,9,7,0.5,1),(1421,2,10,7,0.5,1),(1422,3,1,7,1,1),(1423,3,2,7,1,1),(1424,3,3,7,1,1),(1425,3,4,7,0.5,1),(1426,3,5,7,0.333333,1),(1427,3,6,7,0.5,1),(1428,3,7,7,0.5,1),(1429,3,8,7,0.333333,1),(1430,3,9,7,0.333333,1),(1431,3,10,7,0.333333,1),(1432,4,1,7,1,1),(1433,4,2,7,1,1),(1434,4,3,7,2,1),(1435,4,4,7,1,1),(1436,4,5,7,0.5,1),(1437,4,6,7,1,1),(1438,4,7,7,1,1),(1439,4,8,7,0.5,1),(1440,4,9,7,0.5,1),(1441,4,10,7,0.5,1),(1442,5,1,7,2,1),(1443,5,2,7,2,1),(1444,5,3,7,3,1),(1445,5,4,7,2,1),(1446,5,5,7,1,1),(1447,5,6,7,2,1),(1448,5,7,7,2,1),(1449,5,8,7,1,1),(1450,5,9,7,1,1),(1451,5,10,7,1,1),(1452,6,1,7,1,1),(1453,6,2,7,1,1),(1454,6,3,7,2,1),(1455,6,4,7,1,1),(1456,6,5,7,0.5,1),(1457,6,6,7,1,1),(1458,6,7,7,1,1),(1459,6,8,7,0.5,1),(1460,6,9,7,0.5,1),(1461,6,10,7,0.5,1),(1462,7,1,7,1,1),(1463,7,2,7,1,1),(1464,7,3,7,2,1),(1465,7,4,7,1,1),(1466,7,5,7,0.5,1),(1467,7,6,7,1,1),(1468,7,7,7,1,1),(1469,7,8,7,0.5,1),(1470,7,9,7,0.5,1),(1471,7,10,7,0.5,1),(1472,8,1,7,2,1),(1473,8,2,7,2,1),(1474,8,3,7,3,1),(1475,8,4,7,2,1),(1476,8,5,7,1,1),(1477,8,6,7,2,1),(1478,8,7,7,2,1),(1479,8,8,7,1,1),(1480,8,9,7,1,1),(1481,8,10,7,1,1),(1482,9,1,7,2,1),(1483,9,2,7,2,1),(1484,9,3,7,3,1),(1485,9,4,7,2,1),(1486,9,5,7,1,1),(1487,9,6,7,2,1),(1488,9,7,7,2,1),(1489,9,8,7,1,1),(1490,9,9,7,1,1),(1491,9,10,7,1,1),(1492,10,1,7,2,1),(1493,10,2,7,2,1),(1494,10,3,7,3,1),(1495,10,4,7,2,1),(1496,10,5,7,1,1),(1497,10,6,7,2,1),(1498,10,7,7,2,1),(1499,10,8,7,1,1),(1500,10,9,7,1,1),(1501,10,10,7,1,1);
/*!40000 ALTER TABLE alternative_comparisons ENABLE KEYS */;
UNLOCK TABLES;

--
-- Table structure for table `alternatives`
--

DROP TABLE IF EXISTS alternatives;
/*!40101 SET @saved_cs_client     = @@character_set_client */;
/*!50503 SET character_set_client = utf8mb4 */;
CREATE TABLE alternatives (
  id int NOT NULL AUTO_INCREMENT,
  `name` varchar(255) NOT NULL,
  laptop_type_id int DEFAULT NULL,
  PRIMARY KEY (id),
  KEY laptop_type_id (laptop_type_id),
  CONSTRAINT alternatives_ibfk_1 FOREIGN KEY (laptop_type_id) REFERENCES laptop_types (id)
) ENGINE=InnoDB AUTO_INCREMENT=51 DEFAULT CHARSET=utf8mb4 COLLATE=utf8mb4_0900_ai_ci;
/*!40101 SET character_set_client = @saved_cs_client */;

--
-- Dumping data for table `alternatives`
--

LOCK TABLES alternatives WRITE;
/*!40000 ALTER TABLE alternatives DISABLE KEYS */;
INSERT INTO alternatives VALUES (1,'Aspire 5 A515-58-54XJ',1),(2,'Aspire 5 A514-55-374Y',1),(3,'Aspire 3 A315-59-31X8',1),(4,'Swift 3 SF314-513-51HN',1),(5,'Swift Go SFG14-41-R9X4',1),(6,'Aspire 5 Slim A514-54-51MT',1),(7,'Aspire 3 Spin 14 A3SP14-31T-313W',1),(8,'Swift X SFX14-51G-51W1',1),(9,'Aspire 7 A715-51G-51CB',1),(10,'Swift 5 SF514-56T-53GX',1),(11,'Nitro 5 AN515-58',2),(12,'Nitro 5 AN515-46',2),(13,'Predator Helios Neo 16 PHN16-71',2),(14,'Predator Helios 18 PH18-71',2),(15,'Predator Triton 500 SE PT516-52s',2),(16,'Predator Triton 300 SE PT314-52s',2),(17,'Nitro 16 AN16-41',2),(18,'Predator Helios 300 PH315-55',2),(19,'Aspire 7 A715-76G',2),(20,'Predator Triton 300 PT314-51',2);
/*!40000 ALTER TABLE alternatives ENABLE KEYS */;
UNLOCK TABLES;

--
-- Table structure for table `criteria`
--

DROP TABLE IF EXISTS criteria;
/*!40101 SET @saved_cs_client     = @@character_set_client */;
/*!50503 SET character_set_client = utf8mb4 */;
CREATE TABLE criteria (
  id int NOT NULL AUTO_INCREMENT,
  `name` varchar(255) NOT NULL,
  PRIMARY KEY (id)
) ENGINE=InnoDB AUTO_INCREMENT=10 DEFAULT CHARSET=utf8mb4 COLLATE=utf8mb4_0900_ai_ci;
/*!40101 SET character_set_client = @saved_cs_client */;

--
-- Dumping data for table `criteria`
--

LOCK TABLES criteria WRITE;
/*!40000 ALTER TABLE criteria DISABLE KEYS */;
INSERT INTO criteria VALUES (1,'Hiệu năng'),(2,'Chi phí'),(3,'Thiết kế'),(4,'Màn hình'),(5,'Thời lượng sử dụng'),(6,'Thời gian bảo hành'),(7,'Dung lượng');
/*!40000 ALTER TABLE criteria ENABLE KEYS */;
UNLOCK TABLES;

--
-- Table structure for table `laptop_types`
--

DROP TABLE IF EXISTS laptop_types;
/*!40101 SET @saved_cs_client     = @@character_set_client */;
/*!50503 SET character_set_client = utf8mb4 */;
CREATE TABLE laptop_types (
  id int NOT NULL AUTO_INCREMENT,
  `name` varchar(255) NOT NULL,
  PRIMARY KEY (id),
  UNIQUE KEY `name` (`name`)
) ENGINE=InnoDB AUTO_INCREMENT=4 DEFAULT CHARSET=utf8mb4 COLLATE=utf8mb4_0900_ai_ci;
/*!40101 SET character_set_client = @saved_cs_client */;

--
-- Dumping data for table `laptop_types`
--

LOCK TABLES laptop_types WRITE;
/*!40000 ALTER TABLE laptop_types DISABLE KEYS */;
INSERT INTO laptop_types VALUES (2,'Laptop gaming'),(1,'Laptop văn phòng');
/*!40000 ALTER TABLE laptop_types ENABLE KEYS */;
UNLOCK TABLES;
/*!40103 SET TIME_ZONE=@OLD_TIME_ZONE */;

/*!40101 SET SQL_MODE=@OLD_SQL_MODE */;
/*!40014 SET FOREIGN_KEY_CHECKS=@OLD_FOREIGN_KEY_CHECKS */;
/*!40014 SET UNIQUE_CHECKS=@OLD_UNIQUE_CHECKS */;
/*!40101 SET CHARACTER_SET_CLIENT=@OLD_CHARACTER_SET_CLIENT */;
/*!40101 SET CHARACTER_SET_RESULTS=@OLD_CHARACTER_SET_RESULTS */;
/*!40101 SET COLLATION_CONNECTION=@OLD_COLLATION_CONNECTION */;
/*!40111 SET SQL_NOTES=@OLD_SQL_NOTES */;

-- Dump completed on 2025-04-20 13:46:59
